28702;30013;7231797;1639534;8871331;7235362;1637216;8872578;1606;512;2048;32;4;6
27771;29083;7267190;1602280;8869470;7270240;1600477;8870717;1606;512;2048;64;4;6
26326;27638;6977730;1888850;8866580;6982128;1885699;8867827;1606;512;2048;16;4;6
25474;26788;6996978;1867900;8864878;7005597;1860528;8866125;1606;512;2048;8;4;6
49493;50810;4640243;4272676;8912919;4652482;4261684;8914166;1606;512;2048;4;4;6
28702;30292;7231688;1639922;8871610;7235631;1637226;8872857;1606;1024;2048;32;4;6
27771;29362;7267081;1602668;8869749;7270509;1600487;8870996;1606;1024;2048;64;4;6
26327;27918;6977622;1889239;8866861;6982398;1885710;8868108;1606;1024;2048;16;4;6
25475;27068;6996870;1868289;8865159;7005867;1860539;8866406;1606;1024;2048;8;4;6
49494;51090;4640135;4273065;8913200;4652752;4261695;8914447;1606;1024;2048;4;4;6
4067;5376;8084008;738051;8822059;8087230;736076;8823306;1606;512;2048;16;4;5
7541;8850;8258526;570481;8829007;8261112;569142;8830254;1606;512;2048;64;4;5
7982;9293;8260399;569492;8829891;8263489;567649;8831138;1606;512;2048;32;4;5
3786;5096;8053590;767908;8821498;8056756;765989;8822745;1606;512;2048;8;4;5
28494;29805;6068081;2802834;8870915;6078641;2793521;8872162;1606;512;2048;4;4;5
30031;31621;7164994;1709274;8874268;7168919;1706596;8875515;1606;2048;2048;32;4;6
27146;28737;6932044;1936455;8868499;6936805;1932941;8869746;1606;2048;2048;16;4;6
29010;30601;7204492;1667735;8872227;7207917;1665557;8873474;1606;2048;2048;64;4;6
3874;5183;8100054;721619;8821673;8103339;719581;8822920;1606;512;2048;16;4;4
26991;28584;6909290;1958901;8868191;6918196;1951242;8869438;1606;2048;2048;8;4;6
7752;9061;8289167;540262;8829429;8292216;538460;8830676;1606;512;2048;32;4;4
7339;8648;8312491;516112;8828603;8315067;514783;8829850;1606;512;2048;64;4;4
50035;51631;4594210;4320072;8914282;4606822;4308707;8915529;1606;2048;2048;4;4;6
3641;4950;8065429;755778;8821207;8068686;753768;8822454;1606;512;2048;8;4;4
28494;29805;6068081;2802834;8870915;6078641;2793521;8872162;1606;512;2048;4;4;4
7541;9129;8258417;570869;8829286;8261381;569152;8830533;1606;1024;2048;64;4;5
7982;9572;8260290;569880;8830170;8263758;567659;8831417;1606;1024;2048;32;4;5
4068;5656;8083900;738440;8822340;8087500;736087;8823587;1606;1024;2048;16;4;5
3787;5376;8053482;768297;8821779;8057026;766000;8823026;1606;1024;2048;8;4;5
28495;30085;6067973;2803223;8871196;6078911;2793532;8872443;1606;1024;2048;4;4;5
3682;4991;8196679;624610;8821289;8200142;622394;8822536;1606;512;2048;16;4;3
7541;8850;8306661;522346;8829007;8309742;520512;8830254;1606;512;2048;32;4;3
7132;8441;8447673;380516;8828189;8450493;378943;8829436;1606;512;2048;64;4;3
3080;4389;8215285;604800;8820085;8218833;602499;8821332;1606;512;2048;8;4;3
2132;3441;8007822;810367;8818189;8010674;808762;8819436;1606;512;2048;4;4;3
3109;4418;8392071;428072;8820143;8395586;425804;8821390;1606;512;2048;16;4;2
3291;4600;8613705;206802;8820507;8616704;205050;8821754;1606;512;2048;32;4;2
2296;3605;8709971;108546;8818517;8712775;106989;8819764;1606;512;2048;64;4;2
3080;4389;8215285;604800;8820085;8218833;602499;8821332;1606;512;2048;8;4;2
2132;3441;8007822;810367;8818189;8010674;808762;8819436;1606;512;2048;4;4;2
7339;8927;8312382;516500;8828882;8315336;514793;8830129;1606;1024;2048;64;4;4
3875;5463;8099946;722008;8821954;8103609;719592;8823201;1606;1024;2048;16;4;4
7752;9340;8289058;540650;8829708;8292485;538470;8830955;1606;1024;2048;32;4;4
3642;5230;8065321;756167;8821488;8068956;753779;8822735;1606;1024;2048;8;4;4
7982;9572;8260372;569798;8830170;8263833;567584;8831417;1606;2048;2048;32;4;5
0;0;8812616;0;8812616;8813863;0;8813863;1606;512;2048;16;4;1
4069;5657;8083951;738391;8822342;8087551;736038;8823589;1606;2048;2048;16;4;5
28495;30085;6067973;2803223;8871196;6078911;2793532;8872443;1606;1024;2048;4;4;4
0;0;8812616;0;8812616;8813863;0;8813863;1606;512;2048;32;4;1
0;0;8812616;0;8812616;8813863;0;8813863;1606;512;2048;64;4;1
7591;9179;8255326;574060;8829386;8258308;572325;8830633;1606;2048;2048;64;4;5
4240;5829;8029843;792842;8822685;8033436;790496;8823932;1606;2048;2048;8;4;5
0;0;8812616;0;8812616;8813863;0;8813863;1606;512;2048;8;4;1
28495;30085;6067973;2803223;8871196;6078911;2793532;8872443;1606;2048;2048;4;4;5
0;0;8812616;0;8812616;8813863;0;8813863;1606;512;2048;4;4;1
24600;25912;6906167;1956961;8863128;6909983;1954392;8864375;1606;512;2048;16;5;6
22499;23811;7055234;1803692;8858926;7058416;1801757;8860173;1606;512;2048;64;5;6
23109;24421;7002895;1857251;8860146;7006135;1855258;8861393;1606;512;2048;32;5;6
24606;25920;6961316;1901826;8863142;6969325;1895064;8864389;1606;512;2048;8;5;6
49493;50810;4640243;4272676;8912919;4652482;4261684;8914166;1606;512;2048;4;5;6
7132;8720;8447564;380904;8828468;8450762;378953;8829715;1606;1024;2048;64;4;3
3683;5271;8196571;624999;8821570;8200412;622405;8822817;1606;1024;2048;16;4;3
7541;9129;8306552;522734;8829286;8310011;520522;8830533;1606;1024;2048;32;4;3
3081;4669;8215177;605189;8820366;8219103;602510;8821613;1606;1024;2048;8;4;3
2395;3704;8013688;805027;8818715;8016321;803641;8819962;1606;512;2048;16;5;5
2502;3814;8045757;773175;8818932;8048480;771699;8820179;1606;512;2048;64;5;5
2482;3794;8030787;788105;8818892;8033535;786604;8820139;1606;512;2048;32;5;5
2133;3721;8007714;810756;8818470;8010944;808773;8819717;1606;1024;2048;4;4;3
2953;4263;8019249;800583;8819832;8021829;799250;8821079;1606;512;2048;8;5;5
28494;29805;6068081;2802834;8870915;6078641;2793521;8872162;1606;512;2048;4;5;5
2243;3552;8026539;791872;8818411;8029184;790474;8819658;1606;512;2048;16;5;4
2389;3698;8076964;741739;8818703;8079644;740306;8819950;1606;512;2048;64;5;4
7752;9340;8289058;540650;8829708;8292485;538470;8830955;1606;2048;2048;32;4;4
2377;3686;8053930;764749;8818679;8056657;763269;8819926;1606;512;2048;32;5;4
7323;8911;8311311;517539;8828850;8314342;515755;8830097;1606;2048;2048;64;4;4
3876;5464;8099997;721959;8821956;8103660;719543;8823203;1606;2048;2048;16;4;4
3643;5231;8065372;756118;8821490;8069007;753730;8822737;1606;2048;2048;8;4;4
2817;4126;8031698;787861;8819559;8034371;786435;8820806;1606;512;2048;8;5;4
28495;30085;6067973;2803223;8871196;6078911;2793532;8872443;1606;2048;2048;4;4;4
28494;29805;6068081;2802834;8870915;6078641;2793521;8872162;1606;512;2048;4;5;4
2296;3884;8709865;108931;8818796;8713044;106999;8820043;1606;1024;2048;64;4;2
3110;4698;8391966;428458;8820424;8395856;425815;8821671;1606;1024;2048;16;4;2
3292;4880;8613481;207307;8820788;8616855;205180;8822035;1606;1024;2048;32;4;2
3081;4669;8215180;605186;8820366;8219103;602510;8821613;1606;1024;2048;8;4;2
2146;3455;8049190;769027;8818217;8051890;767574;8819464;1606;512;2048;16;5;3
2314;3623;8093968;724585;8818553;8096710;723090;8819800;1606;512;2048;64;5;3
2332;3641;8067746;750843;8818589;8070459;749377;8819836;1606;512;2048;32;5;3
2133;3721;8007717;810753;8818470;8010944;808773;8819717;1606;1024;2048;4;4;2
2427;3736;8121010;697769;8818779;8123836;696190;8820026;1606;512;2048;8;5;3
2132;3441;8007822;810367;8818189;8010674;808762;8819436;1606;512;2048;4;5;3
2095;3404;8119237;698878;8818115;8122019;697343;8819362;1606;512;2048;16;5;2
1734;3043;8367750;449643;8817393;8370414;448226;8818640;1606;512;2048;64;5;2
1886;3195;8307302;510395;8817697;8309997;508947;8818944;1606;512;2048;32;5;2
2427;3736;8121010;697769;8818779;8123836;696190;8820026;1606;512;2048;8;5;2
2132;3441;8007822;810367;8818189;8010674;808762;8819436;1606;512;2048;4;5;2
0;0;8812616;0;8812616;8813863;0;8813863;1606;1024;2048;64;4;1
0;0;8812616;0;8812616;8813863;0;8813863;1606;1024;2048;16;4;1
0;0;8812616;0;8812616;8813863;0;8813863;1606;1024;2048;32;4;1
0;0;8812616;0;8812616;8813863;0;8813863;1606;1024;2048;8;4;1
0;0;8812616;0;8812616;8813863;0;8813863;1606;512;2048;16;5;1
0;0;8812616;0;8812616;8813863;0;8813863;1606;512;2048;64;5;1
7168;8756;8334129;494411;8828540;8337615;492172;8829787;1606;2048;2048;32;4;3
0;0;8812616;0;8812616;8813863;0;8813863;1606;512;2048;32;5;1
0;0;8812616;0;8812616;8813863;0;8813863;1606;1024;2048;4;4;1
3684;5272;8196597;624975;8821572;8200438;622381;8822819;1606;2048;2048;16;4;3
7004;8592;8468483;359729;8828212;8471658;357801;8829459;1606;2048;2048;64;4;3
3081;4669;8215177;605189;8820366;8219103;602510;8821613;1606;2048;2048;8;4;3
0;0;8812616;0;8812616;8813863;0;8813863;1606;512;2048;8;5;1
2133;3721;8007714;810756;8818470;8010944;808773;8819717;1606;2048;2048;4;4;3
0;0;8812616;0;8812616;8813863;0;8813863;1606;512;2048;4;5;1
24097;25409;6836309;2025813;8862122;6840199;2023170;8863369;1606;512;2048;16;6;6
21649;22961;6952711;1904515;8857226;6955714;1902759;8858473;1606;512;2048;64;6;6
22690;24002;6942352;1916956;8859308;6945612;1914943;8860555;1606;512;2048;32;6;6
22129;23443;6697092;2161096;8858188;6706581;2152854;8859435;1606;512;2048;8;6;6
36221;37543;3572267;5314113;8886380;3585752;5301875;8887627;1606;512;2048;4;6;6
22499;24090;7055125;1804080;8859205;7058685;1801767;8860452;1606;1024;2048;64;5;6
24601;26192;6906059;1957350;8863409;6910253;1954403;8864656;1606;1024;2048;16;5;6
23109;24700;7002786;1857639;8860425;7006404;1855268;8861672;1606;1024;2048;32;5;6
24607;26200;6961208;1902215;8863423;6969595;1895075;8864670;1606;1024;2048;8;5;6
2352;3661;7993458;825171;8818629;7996106;823770;8819876;1606;512;2048;16;6;5
2175;3487;7997980;820298;8818278;8000600;818925;8819525;1606;512;2048;64;6;5
2205;3517;7997797;820541;8818338;8000435;819150;8819585;1606;512;2048;32;6;5
49494;51090;4640135;4273065;8913200;4652752;4261695;8914447;1606;1024;2048;4;5;6
2521;3831;7971406;847562;8818968;7974112;846103;8820215;1606;512;2048;8;6;5
22821;24135;5176443;3683129;8859572;5186880;3673939;8860819;1606;512;2048;4;6;5
2200;3509;8007376;810949;8818325;8010041;809531;8819572;1606;512;2048;16;6;4
2112;3421;8023680;794469;8818149;8026284;793112;8819396;1606;512;2048;64;6;4
3282;4870;8613699;207069;8820768;8617075;204940;8822015;1606;2048;2048;32;4;2
2121;3430;8015729;802438;8818167;8018346;801068;8819414;1606;512;2048;32;6;4
3103;4691;8392883;427527;8820410;8396775;424882;8821657;1606;2048;2048;16;4;2
2290;3878;8709156;109628;8818784;8712340;107691;8820031;1606;2048;2048;64;4;2
3075;4663;8216170;604184;8820354;8220095;601506;8821601;1606;2048;2048;8;4;2
2392;3701;7985290;833419;8818709;7988081;831875;8819956;1606;512;2048;8;6;4
2129;3717;8008528;809934;8818462;8011757;807952;8819709;1606;2048;2048;4;4;2
22821;24135;5176443;3683129;8859572;5186880;3673939;8860819;1606;512;2048;4;6;4
2502;4093;8045648;773563;8819211;8048749;771709;8820458;1606;1024;2048;64;5;5
2396;3984;8013580;805416;8818996;8016591;803652;8820243;1606;1024;2048;16;5;5
2482;4073;8030678;788493;8819171;8033804;786614;8820418;1606;1024;2048;32;5;5
2954;4543;8019141;800972;8820113;8022099;799261;8821360;1606;1024;2048;8;5;5
2112;3421;8030410;787739;8818149;8033130;786266;8819396;1606;512;2048;16;6;3
2064;3373;8040240;777813;8818053;8042867;776433;8819300;1606;512;2048;64;6;3
28495;30085;6067973;2803223;8871196;6078911;2793532;8872443;1606;1024;2048;4;5;5
2108;3417;8030658;787483;8818141;8033278;786110;8819388;1606;512;2048;32;6;3
2125;3434;8053609;764566;8818175;8056497;762925;8819422;1606;512;2048;8;6;3
2002;3311;7909985;907944;8817929;7913107;906069;8819176;1606;512;2048;4;6;3
2066;3375;8100193;717864;8818057;8102992;716312;8819304;1606;512;2048;16;6;2
1713;3022;8333521;483830;8817351;8336187;482411;8818598;1606;512;2048;64;6;2
1856;3165;8277192;540445;8817637;8279875;539009;8818884;1606;512;2048;32;6;2
2125;3434;8053609;764566;8818175;8056497;762925;8819422;1606;512;2048;8;6;2
2002;3311;7909985;907944;8817929;7913107;906069;8819176;1606;512;2048;4;6;2
2389;3977;8076855;742127;8818982;8079913;740316;8820229;1606;1024;2048;64;5;4
2244;3832;8026431;792261;8818692;8029454;790485;8819939;1606;1024;2048;16;5;4
2377;3965;8053821;765137;8818958;8056926;763279;8820205;1606;1024;2048;32;5;4
2818;4406;8031590;788250;8819840;8034641;786446;8821087;1606;1024;2048;8;5;4
0;0;8812616;0;8812616;8813863;0;8813863;1606;2048;2048;32;4;1
0;0;8812616;0;8812616;8813863;0;8813863;1606;2048;2048;16;4;1
0;0;8812616;0;8812616;8813863;0;8813863;1606;512;2048;16;6;1
0;0;8812616;0;8812616;8813863;0;8813863;1606;2048;2048;64;4;1
0;0;8812616;0;8812616;8813863;0;8813863;1606;512;2048;64;6;1
28495;30085;6067973;2803223;8871196;6078911;2793532;8872443;1606;1024;2048;4;5;4
0;0;8812616;0;8812616;8813863;0;8813863;1606;2048;2048;8;4;1
0;0;8812616;0;8812616;8813863;0;8813863;1606;512;2048;32;6;1
0;0;8812616;0;8812616;8813863;0;8813863;1606;2048;2048;4;4;1
0;0;8812616;0;8812616;8813863;0;8813863;1606;512;2048;8;6;1
0;0;8812616;0;8812616;8813863;0;8813863;1606;512;2048;4;6;1
21810;23127;6030964;2826589;8857553;6035063;2823737;8858800;1606;512;2048;16;7;6
21268;22580;6398750;2457714;8856464;6401953;2455758;8857711;1606;512;2048;64;7;6
22091;23414;6426350;2431771;8858121;6430329;2429039;8859368;1606;512;2048;32;7;6
14066;15383;5254478;3587587;8842065;5264589;3578723;8843312;1606;512;2048;8;7;6
32488;33810;3059954;5818960;8878914;3067678;5812483;8880161;1606;512;2048;4;7;6
2314;3902;8093859;724973;8818832;8096979;723100;8820079;1606;1024;2048;64;5;3
2147;3735;8049082;769416;8818498;8052160;767585;8819745;1606;1024;2048;16;5;3
2332;3920;8067637;751231;8818868;8070728;749387;8820115;1606;1024;2048;32;5;3
2428;4016;8120902;698158;8819060;8124106;696201;8820307;1606;1024;2048;8;5;3
2133;3721;8007714;810756;8818470;8010944;808773;8819717;1606;1024;2048;4;5;3
2206;3517;7857420;960919;8818339;7860179;959407;8819586;1606;512;2048;16;7;5
2117;3429;7916936;901226;8818162;7919565;899844;8819409;1606;512;2048;64;7;5
2165;3477;7915689;902569;8818258;7918386;901119;8819505;1606;512;2048;32;7;5
2146;3456;7758385;1059833;8818218;7761359;1058106;8819465;1606;512;2048;8;7;5
20892;22206;4776860;4078854;8855714;4784461;4072500;8856961;1606;512;2048;4;7;5
24369;25960;6938688;1924257;8862945;6942238;1921954;8864192;1606;2048;2048;32;5;6
23707;25298;6992268;1869353;8861621;6995781;1867087;8862868;1606;2048;2048;64;5;6
25439;27030;6863023;2002062;8865085;6867199;1999133;8866332;1606;2048;2048;16;5;6
2090;3399;7885141;932964;8818105;7887887;931465;8819352;1606;512;2048;16;7;4
25963;27556;6867948;1998187;8866135;6876257;1991125;8867382;1606;2048;2048;8;5;6
2101;3410;7946163;871964;8818127;7948774;870600;8819374;1606;512;2048;64;7;4
2090;3399;7935601;882504;8818105;7938272;881080;8819352;1606;512;2048;32;7;4
50035;51631;4594210;4320072;8914282;4606822;4308707;8915529;1606;2048;2048;4;5;6
2039;3348;7776370;1041633;8818003;7779413;1039837;8819250;1606;512;2048;8;7;4
20892;22206;4776860;4078854;8855714;4784461;4072500;8856961;1606;512;2048;4;7;4
1734;3322;8367644;450028;8817672;8370683;448236;8818919;1606;1024;2048;64;5;2
2096;3684;8119132;699264;8818396;8122289;697354;8819643;1606;1024;2048;16;5;2
1887;3475;8307078;510900;8817978;8310148;509077;8819225;1606;1024;2048;32;5;2
2428;4016;8120905;698155;8819060;8124106;696201;8820307;1606;1024;2048;8;5;2
2133;3721;8007717;810753;8818470;8010944;808773;8819717;1606;1024;2048;4;5;2
2032;3341;7918515;899474;8817989;7921305;897931;8819236;1606;512;2048;16;7;3
2056;3365;7962316;855721;8818037;7964950;854334;8819284;1606;512;2048;64;7;3
2077;3386;7950560;867519;8818079;7953234;866092;8819326;1606;512;2048;32;7;3
1849;3158;7860838;956785;8817623;7863932;954938;8818870;1606;512;2048;8;7;3
1871;3180;7830228;987439;8817667;7833159;985755;8818914;1606;512;2048;4;7;3
1993;3302;7982877;835034;8817911;7985737;833421;8819158;1606;512;2048;16;7;2
1705;3014;8266315;551020;8817335;8268990;549592;8818582;1606;512;2048;64;7;2
1829;3138;8199320;618263;8817583;8202056;616774;8818830;1606;512;2048;32;7;2
1849;3158;7860838;956785;8817623;7863932;954938;8818870;1606;512;2048;8;7;2
1871;3180;7830228;987439;8817667;7833159;985755;8818914;1606;512;2048;4;7;2
0;0;8812616;0;8812616;8813863;0;8813863;1606;1024;2048;64;5;1
0;0;8812616;0;8812616;8813863;0;8813863;1606;1024;2048;16;5;1
0;0;8812616;0;8812616;8813863;0;8813863;1606;1024;2048;32;5;1
0;0;8812616;0;8812616;8813863;0;8813863;1606;1024;2048;8;5;1
2584;4175;8034418;784957;8819375;8037475;783147;8820622;1606;2048;2048;32;5;5
2591;4182;8042432;776957;8819389;8045504;775132;8820636;1606;2048;2048;64;5;5
2460;4048;8015690;803434;8819124;8018698;801673;8820371;1606;2048;2048;16;5;5
3331;4920;7990755;830112;8820867;7993774;828340;8822114;1606;2048;2048;8;5;5
0;0;8812616;0;8812616;8813863;0;8813863;1606;1024;2048;4;5;1
0;0;8812616;0;8812616;8813863;0;8813863;1606;512;2048;16;7;1
0;0;8812616;0;8812616;8813863;0;8813863;1606;512;2048;64;7;1
0;0;8812616;0;8812616;8813863;0;8813863;1606;512;2048;32;7;1
28495;30085;6067973;2803223;8871196;6078911;2793532;8872443;1606;2048;2048;4;5;5
0;0;8812616;0;8812616;8813863;0;8813863;1606;512;2048;8;7;1
0;0;8812616;0;8812616;8813863;0;8813863;1606;512;2048;4;7;1
17201;18522;4765696;4082643;8848339;4769739;4079847;8849586;1606;512;2048;16;8;6
19406;20733;5270671;3582084;8852755;5273838;3580164;8854002;1606;512;2048;64;8;6
19958;21285;5530132;3323727;8853859;5533786;3321320;8855106;1606;512;2048;32;8;6
7047;8368;3905605;4922426;8828031;3912545;4916733;8829278;1606;512;2048;8;8;6
0;1327;4276;8809667;8813943;6908;8808282;8815190;1606;512;2048;4;8;6
21649;23240;6952602;1904903;8857505;6955983;1902769;8858752;1606;1024;2048;64;6;6
24098;25689;6836201;2026202;8862403;6840469;2023181;8863650;1606;1024;2048;16;6;6
22690;24281;6942243;1917344;8859587;6945881;1914953;8860834;1606;1024;2048;32;6;6
22130;23723;6696984;2161485;8858469;6706851;2152865;8859716;1606;1024;2048;8;6;6
36222;37823;3572159;5314502;8886661;3586022;5301886;8887908;1606;1024;2048;4;6;6
1717;3029;7641188;1176174;8817362;7643848;1174761;8818609;1606;512;2048;16;8;5
1924;3236;7689546;1128230;8817776;7692177;1126846;8819023;1606;512;2048;64;8;5
1876;3188;7736174;1081506;8817680;7738869;1080058;8818927;1606;512;2048;32;8;5
1251;2561;7325977;1490451;8816428;7328736;1488939;8817675;1606;512;2048;8;8;5
0;1327;15850;8798093;8813943;18485;8796705;8815190;1606;512;2048;4;8;5
2479;4067;8057421;761741;8819162;8060461;759948;8820409;1606;2048;2048;32;5;4
2445;4033;8079651;739443;8819094;8082708;737633;8820341;1606;2048;2048;64;5;4
2306;3894;8028972;789844;8818816;8031998;788065;8820063;1606;2048;2048;16;5;4
2747;4335;8027252;792446;8819698;8030315;790630;8820945;1606;2048;2048;8;5;4
1702;3014;7658158;1159174;8817332;7660834;1157745;8818579;1606;512;2048;16;8;4
1921;3233;7713284;1104486;8817770;7715908;1103109;8819017;1606;512;2048;64;8;4
28495;30085;6067973;2803223;8871196;6078911;2793532;8872443;1606;2048;2048;4;5;4
1834;3146;7781914;1035682;8817596;7784591;1034252;8818843;1606;512;2048;32;8;4
1191;2500;7342159;1474148;8816307;7344949;1472605;8817554;1606;512;2048;8;8;4
2175;3766;7997871;820686;8818557;8000869;818935;8819804;1606;1024;2048;64;6;5
0;1327;15850;8798093;8813943;18485;8796705;8815190;1606;512;2048;4;8;4
2353;3941;7993350;825560;8818910;7996376;823781;8820157;1606;1024;2048;16;6;5
2205;3796;7997688;820929;8818617;8000704;819160;8819864;1606;1024;2048;32;6;5
2522;4111;7971298;847951;8819249;7974382;846114;8820496;1606;1024;2048;8;6;5
22822;24415;5176335;3683518;8859853;5187150;3673950;8861100;1606;1024;2048;4;6;5
1677;2989;7695965;1121317;8817282;7698678;1119851;8818529;1606;512;2048;16;8;3
1897;3209;7737286;1080436;8817722;7739936;1079033;8818969;1606;512;2048;64;8;3
1821;3133;7795361;1022209;8817570;7798035;1020782;8818817;1606;512;2048;32;8;3
1125;2434;7502746;1313429;8816175;7505577;1311845;8817422;1606;512;2048;8;8;3
0;1327;1429597;7384346;8813943;1432222;7382968;8815190;1606;512;2048;4;8;3
1653;2965;7743649;1073585;8817234;7746428;1072053;8818481;1606;512;2048;16;8;2
1603;2915;8038317;778817;8817134;8040977;777404;8818381;1606;512;2048;64;8;2
1716;3028;8026656;790704;8817360;8029387;789220;8818607;1606;512;2048;32;8;2
1125;2434;7502746;1313429;8816175;7505577;1311845;8817422;1606;512;2048;8;8;2
2112;3700;8023571;794857;8818428;8026553;793122;8819675;1606;1024;2048;64;6;4
2201;3789;8007268;811338;8818606;8010311;809542;8819853;1606;1024;2048;16;6;4
2121;3709;8015620;802826;8818446;8018615;801078;8819693;1606;1024;2048;32;6;4
2393;3981;7985182;833808;8818990;7988351;831886;8820237;1606;1024;2048;8;6;4
0;1327;1429597;7384346;8813943;1432222;7382968;8815190;1606;512;2048;4;8;2
2415;4003;8088292;730742;8819034;8091355;728926;8820281;1606;2048;2048;32;5;3
2337;3925;8107209;711669;8818878;8110282;709843;8820125;1606;2048;2048;64;5;3
2192;3780;8055242;763346;8818588;8058331;761504;8819835;1606;2048;2048;16;5;3
2385;3973;8113003;705971;8818974;8116215;704006;8820221;1606;2048;2048;8;5;3
22822;24415;5176335;3683518;8859853;5187150;3673950;8861100;1606;1024;2048;4;6;4
0;0;8812616;0;8812616;8813863;0;8813863;1606;512;2048;16;8;1
2133;3721;8007714;810756;8818470;8010944;808773;8819717;1606;2048;2048;4;5;3
0;0;8812616;0;8812616;8813863;0;8813863;1606;512;2048;64;8;1
0;0;8812616;0;8812616;8813863;0;8813863;1606;512;2048;32;8;1
0;0;8812616;0;8812616;8813863;0;8813863;1606;512;2048;8;8;1
0;0;8812616;0;8812616;8813863;0;8813863;1606;512;2048;4;8;1
0;1327;7427;8806516;8813943;10057;8805133;8815190;1606;512;2048;16;9;6
0;1327;2013;8811930;8813943;4636;8810554;8815190;1606;512;2048;64;9;6
0;1327;3982;8809961;8813943;6609;8808581;8815190;1606;512;2048;32;9;6
0;1327;13053;8800890;8813943;15690;8799500;8815190;1606;512;2048;8;9;6
2064;3652;8040131;778201;8818332;8043136;776443;8819579;1606;1024;2048;64;6;3
2113;3701;8030302;788128;8818430;8033400;786277;8819677;1606;1024;2048;16;6;3
2108;3696;8030549;787871;8818420;8033547;786120;8819667;1606;1024;2048;32;6;3
2126;3714;8053501;764955;8818456;8056767;762936;8819703;1606;1024;2048;8;6;3
0;1327;4276;8809667;8813943;6908;8808282;8815190;1606;512;2048;4;9;6
2003;3591;7909877;908333;8818210;7913377;906080;8819457;1606;1024;2048;4;6;3
0;1327;791501;8022442;8813943;794126;8021064;8815190;1606;512;2048;16;9;5
0;1327;90771;8723172;8813943;93397;8721793;8815190;1606;512;2048;64;9;5
0;1327;789490;8024453;8813943;792116;8023074;8815190;1606;512;2048;32;9;5
0;1327;791228;8022715;8813943;793852;8021338;8815190;1606;512;2048;8;9;5
0;1327;15850;8798093;8813943;18485;8796705;8815190;1606;512;2048;4;9;5
1946;3534;8321672;496424;8818096;8324741;494602;8819343;1606;2048;2048;32;5;2
1756;3344;8372295;445421;8817716;8375347;443616;8818963;1606;2048;2048;64;5;2
2125;3713;8128225;690229;8818454;8131394;688307;8819701;1606;2048;2048;16;5;2
2381;3969;8113817;705149;8818966;8117028;703185;8820213;1606;2048;2048;8;5;2
2129;3717;8008528;809934;8818462;8011757;807952;8819709;1606;2048;2048;4;5;2
0;1327;881578;7932365;8813943;884206;7930984;8815190;1606;512;2048;16;9;4
0;1327;111026;8702917;8813943;113649;8701541;8815190;1606;512;2048;64;9;4
0;1327;899251;7914692;8813943;901878;7913312;8815190;1606;512;2048;32;9;4
0;1327;791306;8022637;8813943;793932;8021258;8815190;1606;512;2048;8;9;4
1713;3301;8333415;484215;8817630;8336456;482421;8818877;1606;1024;2048;64;6;2
2067;3655;8100088;718250;8818338;8103262;716323;8819585;1606;1024;2048;16;6;2
1857;3445;8276968;540950;8817918;8280026;539139;8819165;1606;1024;2048;32;6;2
2126;3714;8053504;764952;8818456;8056767;762936;8819703;1606;1024;2048;8;6;2
0;1327;15850;8798093;8813943;18485;8796705;8815190;1606;512;2048;4;9;4
2003;3591;7909880;908330;8818210;7913377;906080;8819457;1606;1024;2048;4;6;2
0;1327;1431484;7382459;8813943;1434114;7381076;8815190;1606;512;2048;16;9;3
0;1327;729792;8084151;8813943;732416;8082774;8815190;1606;512;2048;64;9;3
0;1327;1429161;7384782;8813943;1431786;7383404;8815190;1606;512;2048;32;9;3
0;1327;1431715;7382228;8813943;1434345;7380845;8815190;1606;512;2048;8;9;3
0;1327;1429597;7384346;8813943;1432222;7382968;8815190;1606;512;2048;4;9;3
0;1327;1434922;7379021;8813943;1437549;7377641;8815190;1606;512;2048;16;9;2
0;1327;1484245;7329698;8813943;1486876;7328314;8815190;1606;512;2048;64;9;2
0;1327;1467836;7346107;8813943;1470467;7344723;8815190;1606;512;2048;32;9;2
0;1327;1431715;7382228;8813943;1434345;7380845;8815190;1606;512;2048;8;9;2
0;0;8812616;0;8812616;8813863;0;8813863;1606;1024;2048;64;6;1
0;0;8812616;0;8812616;8813863;0;8813863;1606;1024;2048;16;6;1
0;0;8812616;0;8812616;8813863;0;8813863;1606;1024;2048;32;6;1
0;0;8812616;0;8812616;8813863;0;8813863;1606;1024;2048;8;6;1
0;0;8812616;0;8812616;8813863;0;8813863;1606;2048;2048;32;5;1
0;0;8812616;0;8812616;8813863;0;8813863;1606;2048;2048;64;5;1
0;0;8812616;0;8812616;8813863;0;8813863;1606;2048;2048;16;5;1
0;0;8812616;0;8812616;8813863;0;8813863;1606;2048;2048;8;5;1
0;1327;1429597;7384346;8813943;1432222;7382968;8815190;1606;512;2048;4;9;2
0;0;8812616;0;8812616;8813863;0;8813863;1606;1024;2048;4;6;1
0;0;8812616;0;8812616;8813863;0;8813863;1606;2048;2048;4;5;1
0;0;8812616;0;8812616;8813863;0;8813863;1606;512;2048;16;9;1
0;0;8812616;0;8812616;8813863;0;8813863;1606;512;2048;64;9;1
0;0;8812616;0;8812616;8813863;0;8813863;1606;512;2048;32;9;1
0;0;8812616;0;8812616;8813863;0;8813863;1606;512;2048;8;9;1
7110;8419;6991108;1837037;8828145;6994194;1835198;8829392;1606;512;8192;16;4;6
7430;8742;7161189;1667599;8828788;7163882;1666153;8830035;1606;512;8192;64;4;6
7657;8983;7250298;1578958;8829256;7253156;1577347;8830503;1606;512;8192;32;4;6
7172;8491;6917483;1910796;8828279;6921428;1908098;8829526;1606;512;8192;8;4;6
2308;3617;7968607;849934;8818541;7971391;848397;8819788;1606;512;8192;16;4;5
2831;4140;8106364;713223;8819587;8108972;711862;8820834;1606;512;8192;64;4;5
3239;4548;8155556;664847;8820403;8158237;663413;8821650;1606;512;8192;32;4;5
2274;3583;7930500;887973;8818473;7933247;886473;8819720;1606;512;8192;8;4;5
0;0;8812616;0;8812616;8813863;0;8813863;1606;512;2048;4;9;1
2239;3548;7989977;828426;8818403;7992766;826884;8819650;1606;512;8192;16;4;4
2642;3951;8206528;612681;8819209;8209113;611343;8820456;1606;512;8192;64;4;4
3118;4427;8192199;627962;8820161;8194872;626536;8821408;1606;512;8192;32;4;4
2203;3512;7947857;870474;8818331;7950633;868945;8819578;1606;512;8192;8;4;4
13417;14737;4678236;4162534;8840770;4683087;4158930;8842017;1606;512;8192;4;4;6
1952;3261;8089107;728722;8817829;8091807;727269;8819076;1606;512;8192;16;4;3
2500;3809;8343664;475261;8818925;8346319;473853;8820172;1606;512;8192;64;4;3
3008;4317;8253300;566641;8819941;8256045;565143;8821188;1606;512;8192;32;4;3
1967;3276;8072681;745178;8817859;8075479;743627;8819106;1606;512;8192;8;4;3
8530;9849;5906234;2924761;8830995;5910480;2921762;8832242;1606;512;8192;4;4;5
1746;3055;8274151;543266;8817417;8276829;541835;8818664;1606;512;8192;16;4;2
1519;2828;8608368;208595;8816963;8611020;207190;8818210;1606;512;8192;64;4;2
21268;22859;6398641;2458102;8856743;6402222;2455768;8857990;1606;1024;2048;64;7;6
21811;23407;6030737;2827097;8857834;6035214;2823867;8859081;1606;1024;2048;16;7;6
22091;23693;6426241;2432159;8858400;6430598;2429049;8859647;1606;1024;2048;32;7;6
1610;2919;8529653;287492;8817145;8532326;286066;8818392;1606;512;8192;32;4;2
14067;15663;5254370;3587976;8842346;5264859;3578734;8843593;1606;1024;2048;8;7;6
1967;3276;8072681;745178;8817859;8075479;743627;8819106;1606;512;8192;8;4;2
8530;9849;5906234;2924761;8830995;5910480;2921762;8832242;1606;512;8192;4;4;4
0;0;8812616;0;8812616;8813863;0;8813863;1606;512;8192;16;4;1
0;0;8812616;0;8812616;8813863;0;8813863;1606;512;8192;64;4;1
0;0;8812616;0;8812616;8813863;0;8813863;1606;512;8192;32;4;1
32489;34090;3059846;5819349;8879195;3067948;5812494;8880442;1606;1024;2048;4;7;6
0;0;8812616;0;8812616;8813863;0;8813863;1606;512;8192;8;4;1
1759;3069;7840120;977324;8817444;7842900;975791;8818691;1606;512;8192;4;4;3
6778;8087;6926648;1900833;8827481;6929555;1899173;8828728;1606;512;8192;16;5;6
6646;7958;7002513;1824707;8827220;7005238;1823229;8828467;1606;512;8192;64;5;6
6398;7724;7019085;1807653;8826738;7021916;1806069;8827985;1606;512;8192;32;5;6
6991;8310;6883683;1944234;8827917;6887460;1941704;8829164;1606;512;8192;8;5;6
1759;3069;7840120;977324;8817444;7842900;975791;8818691;1606;512;8192;4;4;2
1982;3291;7903858;914031;8817889;7906469;912667;8819136;1606;512;8192;16;5;5
2076;3385;7941871;876206;8818077;7944504;874820;8819324;1606;512;8192;64;5;5
2004;3313;7916743;901190;8817933;7919389;899791;8819180;1606;512;8192;32;5;5
2108;3417;7899100;919041;8818141;7901688;917700;8819388;1606;512;8192;8;5;5
1925;3234;7922474;895301;8817775;7925102;893920;8819022;1606;512;8192;16;5;4
2009;3318;8006802;811141;8817943;8009414;809776;8819190;1606;512;8192;64;5;4
0;0;8812616;0;8812616;8813863;0;8813863;1606;512;8192;4;4;1
1935;3244;7946777;871018;8817795;7949409;869633;8819042;1606;512;8192;32;5;4
23258;24849;6825848;2034875;8860723;6829483;2032487;8861970;1606;2048;2048;32;6;6
24538;26129;6720527;2142756;8863283;6724784;2139746;8864530;1606;2048;2048;16;6;6
22210;23801;6830195;2028432;8858627;6833567;2026307;8859874;1606;2048;2048;64;6;6
2051;3360;7916121;901906;8818027;7918736;900538;8819274;1606;512;8192;8;5;4
1817;3126;8034575;782984;8817559;8037217;781589;8818806;1606;512;8192;16;5;3
1927;3236;8067246;750533;8817779;8069910;749116;8819026;1606;512;8192;64;5;3
13417;14737;4678236;4162534;8840770;4683087;4158930;8842017;1606;512;8192;4;5;6
22945;24538;6563586;2296513;8860099;6573359;2287987;8861346;1606;2048;2048;8;6;6
1887;3196;7981288;836411;8817699;7983906;835040;8818946;1606;512;8192;32;5;3
36045;37646;3484602;5401705;8886307;3498437;5389117;8887554;1606;2048;2048;4;6;6
1885;3194;8038967;778728;8817695;8041667;777275;8818942;1606;512;8192;8;5;3
1685;2994;8236377;580918;8817295;8239014;579528;8818542;1606;512;8192;16;5;2
1496;2805;8431309;385608;8816917;8433939;384225;8818164;1606;512;8192;64;5;2
8530;9849;5906234;2924761;8830995;5910480;2921762;8832242;1606;512;8192;4;5;5
1533;2842;8372855;444136;8816991;8375496;442742;8818238;1606;512;8192;32;5;2
1885;3194;8038967;778728;8817695;8041667;777275;8818942;1606;512;8192;8;5;2
0;0;8812616;0;8812616;8813863;0;8813863;1606;512;8192;16;5;1
0;0;8812616;0;8812616;8813863;0;8813863;1606;512;8192;64;5;1
8530;9849;5906234;2924761;8830995;5910480;2921762;8832242;1606;512;8192;4;5;4
0;0;8812616;0;8812616;8813863;0;8813863;1606;512;8192;32;5;1
2207;3797;7857193;961427;8818620;7860330;959537;8819867;1606;1024;2048;16;7;5
2117;3708;7916827;901614;8818441;7919834;899854;8819688;1606;1024;2048;64;7;5
2165;3756;7915580;902957;8818537;7918655;901129;8819784;1606;1024;2048;32;7;5
2147;3736;7758277;1060222;8818499;7761629;1058117;8819746;1606;1024;2048;8;7;5
0;0;8812616;0;8812616;8813863;0;8813863;1606;512;8192;8;5;1
6349;7658;6717645;2108978;8826623;6720654;2107216;8827870;1606;512;8192;16;6;6
6364;7676;6872104;1954552;8826656;6874811;1953092;8827903;1606;512;8192;64;6;6
1759;3069;7840120;977324;8817444;7842900;975791;8818691;1606;512;8192;4;5;3
6098;7424;6828657;1997481;8826138;6831463;1995922;8827385;1606;512;8192;32;6;6
6444;7763;6585364;2241459;8826823;6589494;2238576;8828070;1606;512;8192;8;6;6
20893;22486;4776752;4079243;8855995;4784731;4072511;8857242;1606;1024;2048;4;7;5
1864;3173;7831360;986293;8817653;7833998;984902;8818900;1606;512;8192;16;6;5
1917;3226;7854863;962896;8817759;7857471;961535;8819006;1606;512;8192;64;6;5
1759;3069;7840120;977324;8817444;7842900;975791;8818691;1606;512;8192;4;5;2
1842;3151;7836735;980874;8817609;7839349;979507;8818856;1606;512;8192;32;6;5
1918;3227;7792783;1024978;8817761;7795487;1023521;8819008;1606;512;8192;8;6;5
1808;3117;7849373;968168;8817541;7852028;966760;8818788;1606;512;8192;16;6;4
1865;3174;7905965;911690;8817655;7908567;910335;8818902;1606;512;8192;64;6;4
0;0;8812616;0;8812616;8813863;0;8813863;1606;512;8192;4;5;1
1787;3096;7864065;953434;8817499;7866670;952076;8818746;1606;512;8192;32;6;4
1870;3179;7811051;1006614;8817665;7813772;1005140;8818912;1606;512;8192;8;6;4
1712;3021;7962023;855326;8817349;7964690;853906;8818596;1606;512;8192;16;6;3
1804;3113;7957352;860181;8817533;7959989;858791;8818780;1606;512;8192;64;6;3
9691;11012;3411162;5422157;8833319;3416153;5418413;8834566;1606;512;8192;4;6;6
1766;3075;7888349;929108;8817457;7890956;927748;8818704;1606;512;8192;32;6;3
1732;3041;7930757;886632;8817389;7933538;885098;8818636;1606;512;8192;8;6;3
1618;2927;8151908;665253;8817161;8154556;663852;8818408;1606;512;8192;16;6;2
1479;2788;8364435;452448;8816883;8367068;451062;8818130;1606;512;8192;64;6;2
6383;7703;4723973;4102729;8826702;4728273;4099676;8827949;1606;512;8192;4;6;5
1488;2797;8278230;538671;8816901;8280869;537279;8818148;1606;512;8192;32;6;2
1732;3041;7930757;886632;8817389;7933538;885098;8818636;1606;512;8192;8;6;2
0;0;8812616;0;8812616;8813863;0;8813863;1606;512;8192;16;6;1
0;0;8812616;0;8812616;8813863;0;8813863;1606;512;8192;64;6;1
6383;7703;4723973;4102729;8826702;4728273;4099676;8827949;1606;512;8192;4;6;4
0;0;8812616;0;8812616;8813863;0;8813863;1606;512;8192;32;6;1
0;0;8812616;0;8812616;8813863;0;8813863;1606;512;8192;8;6;1
5168;6479;5581502;3242761;8824263;5584669;3240841;8825510;1606;512;8192;16;7;6
6057;7384;6451621;2374436;8826057;6454387;2372917;8827304;1606;512;8192;64;7;6
1323;2634;7606523;1210050;8816573;7609361;1208459;8817820;1606;512;8192;4;6;3
5342;6669;6114537;2710090;8824627;6117437;2708437;8825874;1606;512;8192;32;7;6
2091;3679;7884914;933472;8818386;7888038;931595;8819633;1606;1024;2048;16;7;4
2101;3689;7946054;872352;8818406;7949043;870610;8819653;1606;1024;2048;64;7;4
2090;3678;7935492;882892;8818384;7938541;881090;8819631;1606;1024;2048;32;7;4
4010;5330;5176916;3645040;8821956;5181137;3642066;8823203;1606;512;8192;8;7;6
1351;2662;7548676;1267953;8816629;7551336;1266540;8817876;1606;512;8192;16;7;5
1718;3027;7689877;1127484;8817361;7692506;1126102;8818608;1606;512;8192;64;7;5
2040;3628;7776262;1042022;8818284;7779683;1039848;8819531;1606;1024;2048;8;7;4
1323;2634;7606523;1210050;8816573;7609361;1208459;8817820;1606;512;8192;4;6;2
1566;2877;7677290;1139769;8817059;7679926;1138380;8818306;1606;512;8192;32;7;5
2147;3738;7970000;848501;8818501;7973011;846737;8819748;1606;2048;2048;32;6;5
2353;3941;7973661;845249;8818910;7976685;843472;8820157;1606;2048;2048;16;6;5
2174;3765;7969798;848757;8818555;7972799;847003;8819802;1606;2048;2048;64;6;5
1311;2622;7582945;1233604;8816549;7585610;1232186;8817796;1606;512;8192;16;7;4
1199;2509;7406233;1410091;8816324;7408953;1408618;8817571;1606;512;8192;8;7;5
1678;2987;7726277;1091004;8817281;7728903;1089625;8818528;1606;512;8192;64;7;4
2619;4208;7903262;916181;8819443;7906427;914263;8820690;1606;2048;2048;8;6;5
0;0;8812616;0;8812616;8813863;0;8813863;1606;512;8192;4;6;1
1517;2826;7709622;1107337;8816959;7712246;1105960;8818206;1606;512;8192;32;7;4
20893;22486;4776752;4079243;8855995;4784731;4072511;8857242;1606;1024;2048;4;7;4
22624;24217;5153984;3705473;8859457;5164739;3695965;8860704;1606;2048;2048;4;6;5
1251;2560;7670028;1146399;8816427;7672711;1144963;8817674;1606;512;8192;16;7;3
1162;2472;7423902;1392348;8816250;7426638;1390859;8817497;1606;512;8192;8;7;4
1621;2930;7771291;1045876;8817167;7773941;1044473;8818414;1606;512;8192;64;7;3
1510;2819;7731119;1085826;8816945;7733742;1084450;8818192;1606;512;8192;32;7;3
8579;9900;2973074;5858021;8831095;2976899;5855443;8832342;1606;512;8192;4;7;6
1235;2544;7807132;1009263;8816395;7809800;1007842;8817642;1606;512;8192;16;7;2
1426;2735;8138748;678029;8816777;8141395;676629;8818024;1606;512;8192;64;7;2
1090;2400;7518612;1297494;8816106;7521378;1295975;8817353;1606;512;8192;8;7;3
1285;2594;8129480;687015;8816495;8132137;685605;8817742;1606;512;8192;32;7;2
5747;7067;4369666;4455764;8825430;4373342;4453335;8826677;1606;512;8192;4;7;5
0;0;8812616;0;8812616;8813863;0;8813863;1606;512;8192;16;7;1
0;0;8812616;0;8812616;8813863;0;8813863;1606;512;8192;64;7;1
1090;2400;7518612;1297494;8816106;7521378;1295975;8817353;1606;512;8192;8;7;2
0;0;8812616;0;8812616;8813863;0;8813863;1606;512;8192;32;7;1
5747;7067;4369666;4455764;8825430;4373342;4453335;8826677;1606;512;8192;4;7;4
3985;5306;4049801;4772106;8821907;4052778;4770376;8823154;1606;512;8192;16;8;6
4824;6151;5690625;3132966;8823591;5693350;3131488;8824838;1606;512;8192;64;8;6
0;0;8812616;0;8812616;8813863;0;8813863;1606;512;8192;8;7;1
4162;5489;4767135;4055132;8822267;4769956;4053558;8823514;1606;512;8192;32;8;6
1128;2439;7504888;1311295;8816183;7507646;1309784;8817430;1606;512;8192;4;7;3
821;2133;7273146;1542424;8815570;7275772;1541045;8816817;1606;512;8192;16;8;5
973;2285;7384063;1431811;8815874;7386679;1430442;8817121;1606;512;8192;64;8;5
2071;3392;3432584;5385495;8818079;3436287;5383039;8819326;1606;512;8192;8;8;6
1018;2330;7342723;1473241;8815964;7345352;1471859;8817211;1606;512;8192;32;8;5
1128;2439;7504888;1311295;8816183;7507646;1309784;8817430;1606;512;8192;4;7;2
972;2284;7411514;1404358;8815872;7414123;1402996;8817119;1606;512;8192;64;8;4
801;2113;7303664;1511866;8815530;7306295;1510482;8816777;1606;512;8192;16;8;4
570;1882;6995129;1819939;8815068;6997802;1818513;8816315;1606;512;8192;8;8;5
2033;3621;7918288;899982;8818270;7921456;898061;8819517;1606;1024;2048;16;7;3
2056;3644;7962207;856109;8818316;7965219;854344;8819563;1606;1024;2048;64;7;3
2077;3665;7950451;867907;8818358;7953503;866102;8819605;1606;1024;2048;32;7;3
995;2307;7375545;1440373;8815918;7378163;1439002;8817165;1606;512;8192;32;8;4
0;0;8812616;0;8812616;8813863;0;8813863;1606;512;8192;4;7;1
1850;3438;7860730;957174;8817904;7864202;954949;8819151;1606;1024;2048;8;7;3
770;2082;7380682;1434786;8815468;7383327;1433388;8816715;1606;512;8192;16;8;3
940;2252;7443581;1372227;8815808;7446201;1370854;8817055;1606;512;8192;64;8;3
556;1868;7005737;1809303;8815040;7008414;1807873;8816287;1606;512;8192;8;8;4
992;2304;7386754;1429158;8815912;7389373;1427786;8817159;1606;512;8192;32;8;3
0;1327;9191;8804752;8813943;11816;8803374;8815190;1606;512;8192;4;8;6
1872;3460;7830120;987828;8817948;7833429;985766;8819195;1606;1024;2048;4;7;3
766;2078;7497868;1317592;8815460;7500506;1316201;8816707;1606;512;8192;16;8;2
876;2188;7746037;1069643;8815680;7748656;1068271;8816927;1606;512;8192;64;8;2
531;1843;7165271;1649719;8814990;7167973;1648264;8816237;1606;512;8192;8;8;3
870;2182;7802363;1013305;8815668;7804992;1011923;8816915;1606;512;8192;32;8;2
0;1327;24023;8789920;8813943;26649;8788541;8815190;1606;512;8192;4;8;5
0;0;8812616;0;8812616;8813863;0;8813863;1606;512;8192;16;8;1
0;0;8812616;0;8812616;8813863;0;8813863;1606;512;8192;64;8;1
531;1843;7165271;1649719;8814990;7167973;1648264;8816237;1606;512;8192;8;8;2
0;0;8812616;0;8812616;8813863;0;8813863;1606;512;8192;32;8;1
0;1327;24023;8789920;8813943;26649;8788541;8815190;1606;512;8192;4;8;4
0;1327;56137;8757806;8813943;58764;8756426;8815190;1606;512;8192;16;9;6
0;1327;40730;8773213;8813943;43357;8771833;8815190;1606;512;8192;64;9;6
0;0;8812616;0;8812616;8813863;0;8813863;1606;512;8192;8;8;1
0;1327;26337;8787606;8813943;28961;8786229;8815190;1606;512;8192;32;9;6
0;1327;1531257;7282686;8813943;1533879;7281311;8815190;1606;512;8192;4;8;3
2063;3651;7988166;830164;8818330;7991160;828417;8819577;1606;2048;2048;32;6;4
2201;3789;7987579;831027;8818606;7990620;829233;8819853;1606;2048;2048;16;6;4
2094;3682;7999548;818844;8818392;8002535;817104;8819639;1606;2048;2048;64;6;4
0;1327;882662;7931281;8813943;885282;7929908;8815190;1606;512;8192;16;9;5
0;1327;1534567;7279376;8813943;1537185;7278005;8815190;1606;512;8192;64;9;5
0;1327;18968;8794975;8813943;21595;8793595;8815190;1606;512;8192;8;9;6
2312;3900;7960088;858740;8818828;7963256;856819;8820075;1606;2048;2048;8;6;4
0;1327;791686;8022257;8813943;794306;8020884;8815190;1606;512;8192;32;9;5
0;1327;1531257;7282686;8813943;1533879;7281311;8815190;1606;512;8192;4;8;2
0;1327;1431191;7382752;8813943;1433813;7381377;8815190;1606;512;8192;16;9;4
0;1327;1544218;7269725;8813943;1546836;7268354;8815190;1606;512;8192;64;9;4
0;1327;792001;8021942;8813943;794620;8020570;8815190;1606;512;8192;8;9;5
22624;24217;5153984;3705473;8859457;5164739;3695965;8860704;1606;2048;2048;4;6;4
0;1327;1532731;7281212;8813943;1535349;7279841;8815190;1606;512;8192;32;9;4
0;0;8812616;0;8812616;8813863;0;8813863;1606;512;8192;4;8;1
0;1327;1549037;7264906;8813943;1551655;7263535;8815190;1606;512;8192;16;9;3
0;1327;1550873;7263070;8813943;1553491;7261699;8815190;1606;512;8192;64;9;3
0;1327;792158;8021785;8813943;794778;8020412;8815190;1606;512;8192;8;9;4
0;1327;1533081;7280862;8813943;1535699;7279491;8815190;1606;512;8192;32;9;3
1994;3582;7982653;835539;8818192;7985888;833551;8819439;1606;1024;2048;16;7;2
1705;3293;8266209;551405;8817614;8269259;549602;8818861;1606;1024;2048;64;7;2
0;1327;9191;8804752;8813943;11816;8803374;8815190;1606;512;8192;4;9;6
1830;3418;8199096;618768;8817864;8202207;616904;8819111;1606;1024;2048;32;7;2
1850;3438;7860733;957171;8817904;7864202;954949;8819151;1606;1024;2048;8;7;2
0;1327;1549037;7264906;8813943;1551655;7263535;8815190;1606;512;8192;16;9;2
0;1327;1654404;7159539;8813943;1657029;7158161;8815190;1606;512;8192;64;9;2
0;1327;1532393;7281550;8813943;1535016;7280174;8815190;1606;512;8192;8;9;3
0;1327;1638610;7175333;8813943;1641236;7173954;8815190;1606;512;8192;32;9;2
0;1327;24023;8789920;8813943;26649;8788541;8815190;1606;512;8192;4;9;5
0;0;8812616;0;8812616;8813863;0;8813863;1606;512;8192;16;9;1
0;0;8812616;0;8812616;8813863;0;8813863;1606;512;8192;64;9;1
0;1327;1532393;7281550;8813943;1535016;7280174;8815190;1606;512;8192;8;9;2
1872;3460;7830123;987825;8817948;7833429;985766;8819195;1606;1024;2048;4;7;2
0;0;8812616;0;8812616;8813863;0;8813863;1606;512;8192;32;9;1
1953;3259;6690129;2127699;8817828;6692775;2126300;8819075;1606;512;32768;16;4;6
1663;2968;7182568;1634679;8817247;7185222;1633272;8818494;1606;512;32768;64;4;6
0;1327;24023;8789920;8813943;26649;8788541;8815190;1606;512;8192;4;9;4
1962;3270;6980831;1837017;8817848;6983523;1835572;8819095;1606;512;32768;32;4;6
703;2009;7735826;1079502;8815328;7738436;1078139;8816575;1606;512;32768;16;4;5
835;2140;7865447;950144;8815591;7868047;948791;8816838;1606;512;32768;64;4;5
853;2158;7902741;912886;8815627;7905342;911532;8816874;1606;512;32768;32;4;5
694;2000;7772638;1042672;8815310;7775268;1041289;8816557;1606;512;32768;16;4;4
738;2043;7997325;818072;8815397;7999914;816730;8816644;1606;512;32768;64;4;4
0;0;8812616;0;8812616;8813863;0;8813863;1606;512;8192;8;9;1
742;2047;8029684;785721;8815405;8032298;784354;8816652;1606;512;32768;32;4;4
671;1977;7858516;956748;8815264;7861132;955379;8816511;1606;512;32768;16;4;3
704;2009;8028736;786593;8815329;8031335;785241;8816576;1606;512;32768;64;4;3
1933;3250;6692298;2125501;8817799;6695318;2123728;8819046;1606;512;32768;8;4;6
713;2018;8052929;762418;8815347;8055540;761054;8816594;1606;512;32768;32;4;3
545;1851;8160259;654753;8815012;8162886;653373;8816259;1606;512;32768;16;4;2
446;1751;8404478;410335;8814813;8407076;408984;8816060;1606;512;32768;64;4;2
0;1327;1531257;7282686;8813943;1533879;7281311;8815190;1606;512;8192;4;9;3
685;1993;7710098;1105196;8815294;7712706;1103835;8816541;1606;512;32768;8;4;5
551;1856;8310433;504590;8815023;8313067;503203;8816270;1606;512;32768;32;4;2
0;0;8812616;0;8812616;8813863;0;8813863;1606;512;32768;16;4;1
0;0;8812616;0;8812616;8813863;0;8813863;1606;512;32768;64;4;1
674;1982;7730499;1084773;8815272;7733118;1083401;8816519;1606;512;32768;8;4;4
0;0;8812616;0;8812616;8813863;0;8813863;1606;512;32768;32;4;1
1900;3208;6642826;2174898;8817724;6645452;2173519;8818971;1606;512;32768;16;5;6
1505;2810;7082048;1734883;8816931;7084719;1733459;8818178;1606;512;32768;64;5;6
648;1956;7859178;956042;8815220;7861839;954628;8816467;1606;512;32768;8;4;3
1766;3073;6797228;2020227;8817455;6799920;2018782;8818702;1606;512;32768;32;5;6
654;1962;7690680;1124552;8815232;7693272;1123207;8816479;1606;512;32768;16;5;5
687;1992;7758625;1056670;8815295;7761230;1055312;8816542;1606;512;32768;64;5;5
0;1327;1531257;7282686;8813943;1533879;7281311;8815190;1606;512;8192;4;9;2
648;1956;7859178;956042;8815220;7861839;954628;8816467;1606;512;32768;8;4;2
664;1969;7712580;1102669;8815249;7715178;1101318;8816496;1606;512;32768;32;5;5
649;1957;7719062;1096160;8815222;7721668;1094801;8816469;1606;512;32768;16;5;4
653;1958;7857502;957725;8815227;7860098;956376;8816474;1606;512;32768;64;5;4
0;0;8812616;0;8812616;8813863;0;8813863;1606;512;32768;8;4;1
642;1947;7825630;989575;8815205;7828230;988222;8816452;1606;512;32768;32;5;4
637;1945;7817370;997828;8815198;7819970;996475;8816445;1606;512;32768;16;5;3
624;1929;7895398;919771;8815169;7898002;918414;8816416;1606;512;32768;64;5;3
1900;3217;6667190;2150543;8817733;6670186;2148794;8818980;1606;512;32768;8;5;6
620;1925;7855311;959850;8815161;7857909;958499;8816408;1606;512;32768;32;5;3
535;1843;8136925;678069;8814994;8139549;676692;8816241;1606;512;32768;16;5;2
434;1739;8388352;426437;8814789;8390951;425085;8816036;1606;512;32768;64;5;2
655;1963;7683521;1131713;8815234;7686106;1130375;8816481;1606;512;32768;8;5;5
0;0;8812616;0;8812616;8813863;0;8813863;1606;512;8192;4;9;1
523;1828;8161454;653513;8814967;8164072;652142;8816214;1606;512;32768;32;5;2
0;0;8812616;0;8812616;8813863;0;8813863;1606;512;32768;16;5;1
0;0;8812616;0;8812616;8813863;0;8813863;1606;512;32768;64;5;1
647;1955;7702587;1112631;8815218;7705183;1111282;8816465;1606;512;32768;8;5;4
3207;4524;4257136;4563211;8820347;4260515;4561079;8821594;1606;512;32768;4;4;6
0;0;8812616;0;8812616;8813863;0;8813863;1606;512;32768;32;5;1
1850;3158;6500716;2316908;8817624;6503364;2315507;8818871;1606;512;32768;16;6;6
1425;2730;6880618;1936153;8816771;6883280;1934738;8818018;1606;512;32768;64;6;6
630;1938;7826554;988630;8815184;7829189;987242;8816431;1606;512;32768;8;5;3
1864;3179;5643707;3173952;8817659;5646928;3171978;8818906;1606;512;32768;4;4;5
1700;3008;6638522;2178802;8817324;6641218;2177353;8818571;1606;512;32768;32;6;6
608;1916;7661075;1154065;8815140;7663673;1152714;8816387;1606;512;32768;16;6;5
647;1952;7709882;1105333;8815215;7712476;1103986;8816462;1606;512;32768;64;6;5
630;1938;7826554;988630;8815184;7829189;987242;8816431;1606;512;32768;8;5;2
1864;3179;5643707;3173952;8817659;5646928;3171978;8818906;1606;512;32768;4;4;4
619;1927;7629080;1186082;8815162;7631676;1184733;8816409;1606;512;32768;32;6;5
603;1911;7688127;1127003;8815130;7690737;1125640;8816377;1606;512;32768;16;6;4
626;1931;7818082;997091;8815173;7820673;995747;8816420;1606;512;32768;64;6;4
0;0;8812616;0;8812616;8813863;0;8813863;1606;512;32768;8;5;1
549;1855;7671534;1143486;8815020;7674205;1142062;8816267;1606;512;32768;4;4;3
597;1905;7742629;1072489;8815118;7745227;1071138;8816365;1606;512;32768;32;6;4
591;1899;7776452;1038654;8815106;7779060;1037293;8816353;1606;512;32768;16;6;3
620;1925;7867309;947852;8815161;7869908;946500;8816408;1606;512;32768;64;6;3
1680;2997;6278701;2538592;8817293;6281853;2536687;8818540;1606;512;32768;8;6;6
549;1855;7671534;1143486;8815020;7674205;1142062;8816267;1606;512;32768;4;4;2
575;1883;7772310;1042764;8815074;7774906;1041415;8816321;1606;512;32768;32;6;3
502;1810;8103835;711093;8814928;8106464;709711;8816175;1606;512;32768;16;6;2
431;1736;8364726;450057;8814783;8367325;448705;8816030;1606;512;32768;64;6;2
589;1897;7599661;1215441;8815102;7602290;1214059;8816349;1606;512;32768;8;6;5
0;0;8812616;0;8812616;8813863;0;8813863;1606;512;32768;4;4;1
502;1810;8101913;713015;8814928;8104536;711639;8816175;1606;512;32768;32;6;2
0;0;8812616;0;8812616;8813863;0;8813863;1606;512;32768;16;6;1
0;0;8812616;0;8812616;8813863;0;8813863;1606;512;32768;64;6;1
0;0;8812616;0;8812616;8813863;0;8813863;1606;1024;2048;16;7;1
581;1889;7618727;1196359;8815086;7621367;1194966;8816333;1606;512;32768;8;6;4
0;0;8812616;0;8812616;8813863;0;8813863;1606;1024;2048;64;7;1
0;0;8812616;0;8812616;8813863;0;8813863;1606;1024;2048;32;7;1
3207;4524;4257136;4563211;8820347;4260515;4561079;8821594;1606;512;32768;4;5;6
0;0;8812616;0;8812616;8813863;0;8813863;1606;512;32768;32;6;1
1505;2813;5439612;3377322;8816934;5442335;3375846;8818181;1606;512;32768;16;7;6
1232;2537;6314375;2502010;8816385;6317065;2500567;8817632;1606;512;32768;64;7;6
576;1884;7725209;1089867;8815076;7727877;1088446;8816323;1606;512;32768;8;6;3
1864;3179;5643707;3173952;8817659;5646928;3171978;8818906;1606;512;32768;4;5;5
1502;2810;5746346;3070582;8816928;5749043;3069132;8818175;1606;512;32768;32;7;6
422;1730;7404959;1409809;8814768;7407564;1408451;8816015;1606;512;32768;16;7;5
489;1794;7470019;1344880;8814899;7472627;1343519;8816146;1606;512;32768;64;7;5
0;0;8812616;0;8812616;8813863;0;8813863;1606;1024;2048;8;7;1
576;1884;7725209;1089867;8815076;7727877;1088446;8816323;1606;512;32768;8;6;2
1864;3179;5643707;3173952;8817659;5646928;3171978;8818906;1606;512;32768;4;5;4
471;1779;7466998;1347868;8814866;7469605;1346508;8816113;1606;512;32768;32;7;5
417;1725;7435508;1379250;8814758;7438122;1377883;8816005;1606;512;32768;16;7;4
489;1794;7531786;1283113;8814899;7534395;1281751;8816146;1606;512;32768;64;7;4
0;0;8812616;0;8812616;8813863;0;8813863;1606;512;32768;8;6;1
549;1855;7671534;1143486;8815020;7674205;1142062;8816267;1606;512;32768;4;5;3
471;1779;7596776;1218090;8814866;7599382;1216731;8816113;1606;512;32768;32;7;4
2050;3638;8010788;807516;8818304;8013780;805771;8819551;1606;2048;2048;32;6;3
417;1725;7493789;1320969;8814758;7496402;1319603;8816005;1606;512;32768;16;7;3
487;1792;7578061;1236834;8814895;7580678;1235464;8816142;1606;512;32768;64;7;3
2113;3701;8010588;807842;8818430;8013684;805993;8819677;1606;2048;2048;16;6;3
2046;3634;8023559;794737;8818296;8026553;792990;8819543;1606;2048;2048;64;6;3
1058;2375;4891138;3924911;8816049;4894176;3923120;8817296;1606;512;32768;8;7;6
450;1758;7625004;1189820;8814824;7627608;1188463;8816071;1606;512;32768;32;7;3
549;1855;7671534;1143486;8815020;7674205;1142062;8816267;1606;512;32768;4;5;2
385;1693;7818722;995972;8814694;7821364;994577;8815941;1606;512;32768;16;7;2
346;1651;8180162;634451;8814613;8182771;633089;8815860;1606;512;32768;64;7;2
2045;3633;8022711;795583;8818294;8025950;793591;8819541;1606;2048;2048;8;6;3
331;1642;7278884;1535705;8814589;7281507;1534329;8815836;1606;512;32768;8;7;5
388;1696;7918740;895960;8814700;7921363;894584;8815947;1606;512;32768;32;7;2
0;0;8812616;0;8812616;8813863;0;8813863;1606;512;32768;16;7;1
0;0;8812616;0;8812616;8813863;0;8813863;1606;512;32768;4;5;1
0;0;8812616;0;8812616;8813863;0;8813863;1606;512;32768;64;7;1
0;0;8812616;0;8812616;8813863;0;8813863;1606;1024;2048;4;7;1
327;1638;7298224;1516357;8814581;7300855;1514973;8815828;1606;512;32768;8;7;4
0;0;8812616;0;8812616;8813863;0;8813863;1606;512;32768;32;7;1
1156;2473;4452868;4363377;8816245;4455527;4361965;8817492;1606;512;32768;16;8;6
2221;3538;3240549;5577826;8818375;3243965;5575657;8819622;1606;512;32768;4;6;6
920;2228;5465529;3350235;8815764;5468201;3348810;8817011;1606;512;32768;64;8;6
324;1633;7364785;1449788;8814573;7367428;1448392;8815820;1606;512;32768;8;7;3
1185;2493;4635079;4181215;8816294;4637714;4179827;8817541;1606;512;32768;32;8;6
296;1604;7219364;1595152;8814516;7221961;1593802;8815763;1606;512;32768;16;8;5
1502;2818;4892206;3924730;8816936;4895359;3922824;8818183;1606;512;32768;4;6;5
228;1536;7136679;1677701;8814380;7139278;1676349;8815627;1606;512;32768;64;8;5
1908;3496;7881429;936591;8818020;7884928;934339;8819267;1606;2048;2048;4;6;3
324;1633;7364785;1449788;8814573;7367428;1448392;8815820;1606;512;32768;8;7;2
289;1597;7200762;1613740;8814502;7203361;1612388;8815749;1606;512;32768;32;8;5
291;1599;7245405;1569101;8814506;7248007;1567746;8815753;1606;512;32768;16;8;4
1502;2818;4892206;3924730;8816936;4895359;3922824;8818183;1606;512;32768;4;6;4
228;1536;7164532;1649848;8814380;7167130;1648497;8815627;1606;512;32768;64;8;4
0;0;8812616;0;8812616;8813863;0;8813863;1606;512;32768;8;7;1
289;1597;7293038;1521464;8814502;7295636;1520113;8815749;1606;512;32768;32;8;4
291;1599;7273202;1541304;8814506;7275801;1539952;8815753;1606;512;32768;16;8;3
228;1536;7167192;1647188;8814380;7169794;1645833;8815627;1606;512;32768;64;8;3
426;1733;7481701;1333074;8814775;7484379;1331643;8816022;1606;512;32768;4;6;3
537;1854;3266907;5548100;8815007;3269763;5546491;8816254;1606;512;32768;8;8;6
289;1597;7293704;1520798;8814502;7296302;1519447;8815749;1606;512;32768;32;8;3
273;1581;7502410;1312060;8814470;7505037;1310680;8815717;1606;512;32768;16;8;2
196;1504;7774070;1040246;8814316;7776673;1038890;8815563;1606;512;32768;64;8;2
426;1733;7481701;1333074;8814775;7484379;1331643;8816022;1606;512;32768;4;6;2
172;1485;6936254;1878019;8814273;6938872;1876648;8815520;1606;512;32768;8;8;5
0;0;8812616;0;8812616;8813863;0;8813863;1606;512;32768;16;8;1
252;1560;7644683;1169745;8814428;7647294;1168381;8815675;1606;512;32768;32;8;2
0;0;8812616;0;8812616;8813863;0;8813863;1606;512;32768;64;8;1
0;0;8812616;0;8812616;8813863;0;8813863;1606;512;32768;4;6;1
170;1481;6973401;1840866;8814267;6976024;1839490;8815514;1606;512;32768;8;8;4
0;0;8812616;0;8812616;8813863;0;8813863;1606;512;32768;32;8;1
0;1323;123430;8690509;8813939;126040;8689146;8815186;1606;512;32768;16;9;6
0;1323;135118;8678821;8813939;137726;8677460;8815186;1606;512;32768;64;9;6
1891;3208;2715327;6102388;8817715;2718332;6100630;8818962;1606;512;32768;4;7;6
170;1479;7028338;1785927;8814265;7030965;1784547;8815512;1606;512;32768;8;8;3
0;1318;2319122;6494812;8813934;2321729;6493452;8815181;1606;512;32768;16;9;5
0;1323;75708;8738231;8813939;78325;8736861;8815186;1606;512;32768;32;9;6
0;1318;2319122;6494812;8813934;2321729;6493452;8815181;1606;512;32768;64;9;5
1350;2666;4380945;4435687;8816632;4383909;4433970;8817879;1606;512;32768;4;7;5
170;1479;7028338;1785927;8814265;7030965;1784547;8815512;1606;512;32768;8;8;2
0;1318;2319122;6494812;8813934;2321729;6493452;8815181;1606;512;32768;16;9;4
0;1318;2319122;6494812;8813934;2321729;6493452;8815181;1606;512;32768;32;9;5
0;1318;2331769;6482165;8813934;2334376;6480805;8815181;1606;512;32768;64;9;4
1350;2666;4380945;4435687;8816632;4383909;4433970;8817879;1606;512;32768;4;7;4
0;0;8812616;0;8812616;8813863;0;8813863;1606;512;32768;8;8;1
0;1318;2331769;6482165;8813934;2334376;6480805;8815181;1606;512;32768;16;9;3
0;1318;2319122;6494812;8813934;2321729;6493452;8815181;1606;512;32768;32;9;4
0;1318;2331769;6482165;8813934;2334376;6480805;8815181;1606;512;32768;64;9;3
357;1664;7363740;1450897;8814637;7366375;1449509;8815884;1606;512;32768;4;7;3
0;1323;117977;8695962;8813939;120596;8694590;8815186;1606;512;32768;8;9;6
0;1318;2395554;6418380;8813934;2398167;6417014;8815181;1606;512;32768;16;9;2
0;1318;2319122;6494812;8813934;2321729;6493452;8815181;1606;512;32768;32;9;3
0;1318;2744390;6069544;8813934;2747000;6068181;8815181;1606;512;32768;64;9;2
357;1664;7363740;1450897;8814637;7366375;1449509;8815884;1606;512;32768;4;7;2
0;1323;2268371;6545568;8813939;2270980;6544206;8815186;1606;512;32768;8;9;5
0;0;8812616;0;8812616;8813863;0;8813863;1606;512;32768;16;9;1
0;1318;2537217;6276717;8813934;2539831;6275350;8815181;1606;512;32768;32;9;2
0;0;8812616;0;8812616;8813863;0;8813863;1606;512;32768;64;9;1
0;0;8812616;0;8812616;8813863;0;8813863;1606;512;32768;4;7;1
0;1319;2308971;6504964;8813935;2311580;6503602;8815182;1606;512;32768;8;9;4
0;0;8812616;0;8812616;8813863;0;8813863;1606;512;32768;32;9;1
0;1323;61394;8752545;8813939;64012;8751174;8815186;1606;512;32768;4;8;6
0;1318;2319122;6494812;8813934;2321729;6493452;8815181;1606;512;32768;8;9;3
0;1323;84522;8729417;8813939;87136;8728050;8815186;1606;512;32768;4;8;5
0;1318;2319122;6494812;8813934;2321729;6493452;8815181;1606;512;32768;8;9;2
0;1323;84522;8729417;8813939;87136;8728050;8815186;1606;512;32768;4;8;4
0;0;8812616;0;8812616;8813863;0;8813863;1606;512;32768;8;9;1
0;1318;2319622;6494312;8813934;2322230;6492951;8815181;1606;512;32768;4;8;3
17202;18802;4765469;4083151;8848620;4769890;4079977;8849867;1606;1024;2048;16;8;6
0;1318;2319622;6494312;8813934;2322230;6492951;8815181;1606;512;32768;4;8;2
19406;21012;5270562;3582472;8853034;5274107;3580174;8854281;1606;1024;2048;64;8;6
19958;21564;5530023;3324115;8854138;5534055;3321330;8855385;1606;1024;2048;32;8;6
0;0;8812616;0;8812616;8813863;0;8813863;1606;512;32768;4;8;1
7048;8648;3905497;4922815;8828312;3912815;4916744;8829559;1606;1024;2048;8;8;6
0;1323;61394;8752545;8813939;64012;8751174;8815186;1606;512;32768;4;9;6
0;1323;84522;8729417;8813939;87136;8728050;8815186;1606;512;32768;4;9;5
0;1323;84522;8729417;8813939;87136;8728050;8815186;1606;512;32768;4;9;4
0;1318;2319622;6494312;8813934;2322230;6492951;8815181;1606;512;32768;4;9;3
0;1606;3259;8810963;8814222;6269;8809200;8815469;1606;1024;2048;4;8;6
0;1318;2319622;6494312;8813934;2322230;6492951;8815181;1606;512;32768;4;9;2
0;0;8812616;0;8812616;8813863;0;8813863;1606;512;32768;4;9;1
1825;3413;8247577;570277;8817854;8250647;568454;8819101;1606;2048;2048;32;6;2
2062;3650;8081827;736501;8818328;8084997;734578;8819575;1606;2048;2048;16;6;2
1694;3282;8317458;500134;8817592;8320491;498348;8818839;1606;2048;2048;64;6;2
2041;3629;8023643;794643;8818286;8026880;792653;8819533;1606;2048;2048;8;6;2
1904;3492;7882479;935533;8818012;7885976;933283;8819259;1606;2048;2048;4;6;2
1718;3309;7640961;1176682;8817643;7643999;1174891;8818890;1606;1024;2048;16;8;5
1924;3515;7689437;1128618;8818055;7692446;1126856;8819302;1606;1024;2048;64;8;5
1876;3467;7736065;1081894;8817959;7739138;1080068;8819206;1606;1024;2048;32;8;5
1252;2841;7325869;1490840;8816709;7329006;1488950;8817956;1606;1024;2048;8;8;5
0;1606;14833;8799389;8814222;17846;8797623;8815469;1606;1024;2048;4;8;5
1703;3294;7657931;1159682;8817613;7660985;1157875;8818860;1606;1024;2048;16;8;4
1921;3512;7713175;1104874;8818049;7716177;1103119;8819296;1606;1024;2048;64;8;4
1834;3425;7781805;1036070;8817875;7784860;1034262;8819122;1606;1024;2048;32;8;4
1192;2780;7342051;1474537;8816588;7345219;1472616;8817835;1606;1024;2048;8;8;4
0;0;8812616;0;8812616;8813863;0;8813863;1606;2048;2048;32;6;1
0;0;8812616;0;8812616;8813863;0;8813863;1606;2048;2048;16;6;1
0;0;8812616;0;8812616;8813863;0;8813863;1606;2048;2048;64;6;1
0;0;8812616;0;8812616;8813863;0;8813863;1606;2048;2048;8;6;1
0;1606;14833;8799389;8814222;17846;8797623;8815469;1606;1024;2048;4;8;4
0;0;8812616;0;8812616;8813863;0;8813863;1606;2048;2048;4;6;1
1678;3269;7695738;1121825;8817563;7698829;1119981;8818810;1606;1024;2048;16;8;3
1897;3488;7737177;1080824;8818001;7740205;1079043;8819248;1606;1024;2048;64;8;3
1821;3412;7795252;1022597;8817849;7798304;1020792;8819096;1606;1024;2048;32;8;3
1126;2714;7502638;1313818;8816456;7505847;1311856;8817703;1606;1024;2048;8;8;3
0;1606;1428580;7385642;8814222;1431583;7383886;8815469;1606;1024;2048;4;8;3
22684;24286;6298582;2561004;8859586;6302938;2557895;8860833;1606;2048;2048;32;7;6
22239;23835;5964244;2894446;8858690;5968660;2891277;8859937;1606;2048;2048;16;7;6
21805;23396;6299347;2558470;8857817;6302907;2556157;8859064;1606;2048;2048;64;7;6
14046;15642;5090940;3751364;8842304;5101325;3742226;8843551;1606;2048;2048;8;7;6
31606;33207;2905707;5971722;8877429;2913612;5965064;8878676;1606;2048;2048;4;7;6
1654;3245;7743425;1074090;8817515;7746579;1072183;8818762;1606;1024;2048;16;8;2
1603;3194;8038211;779202;8817413;8041246;777414;8818660;1606;1024;2048;64;8;2
1717;3308;8026432;791209;8817641;8029538;789350;8818888;1606;1024;2048;32;8;2
1126;2714;7502641;1313815;8816456;7505847;1311856;8817703;1606;1024;2048;8;8;2
0;1606;1428583;7385639;8814222;1431583;7383886;8815469;1606;1024;2048;4;8;2
0;0;8812616;0;8812616;8813863;0;8813863;1606;1024;2048;16;8;1
0;0;8812616;0;8812616;8813863;0;8813863;1606;1024;2048;64;8;1
0;0;8812616;0;8812616;8813863;0;8813863;1606;1024;2048;32;8;1
0;0;8812616;0;8812616;8813863;0;8813863;1606;1024;2048;8;8;1
2083;3674;7899307;919066;8818373;7902377;917243;8819620;1606;2048;2048;32;7;5
2207;3797;7851791;966829;8818620;7854925;964942;8819867;1606;2048;2048;16;7;5
2100;3691;7895648;922759;8818407;7898661;920993;8819654;1606;2048;2048;64;7;5
2087;3676;7674409;1143970;8818379;7677783;1141843;8819626;1606;2048;2048;8;7;5
0;0;8812616;0;8812616;8813863;0;8813863;1606;1024;2048;4;8;1
20207;21800;4583199;4271424;8854623;4590910;4264960;8855870;1606;2048;2048;4;7;5
0;1606;7082;8807140;8814222;10090;8805379;8815469;1606;1024;2048;16;9;6
0;1606;1904;8812318;8814222;4905;8810564;8815469;1606;1024;2048;64;9;6
0;1606;3873;8810349;8814222;6878;8808591;8815469;1606;1024;2048;32;9;6
0;1606;12036;8802186;8814222;15051;8800418;8815469;1606;1024;2048;8;9;6
0;1606;3259;8810963;8814222;6269;8809200;8815469;1606;1024;2048;4;9;6
2008;3596;7919453;898767;8818220;7922501;896966;8819467;1606;2048;2048;32;7;4
2091;3679;7879512;938874;8818386;7882633;937000;8819633;1606;2048;2048;16;7;4
2067;3655;7928333;890005;8818338;7931329;888256;8819585;1606;2048;2048;64;7;4
1882;3470;7724123;1093845;8817968;7727509;1091706;8819215;1606;2048;2048;8;7;4
20207;21800;4583199;4271424;8854623;4590910;4264960;8855870;1606;2048;2048;4;7;4
0;1606;790484;8023738;8814222;793487;8021982;8815469;1606;1024;2048;16;9;5
0;1606;90662;8723560;8814222;93666;8721803;8815469;1606;1024;2048;64;9;5
0;1606;789381;8024841;8814222;792385;8023084;8815469;1606;1024;2048;32;9;5
0;1606;790211;8024011;8814222;793213;8022256;8815469;1606;1024;2048;8;9;5
0;1606;14833;8799389;8814222;17846;8797623;8815469;1606;1024;2048;4;9;5
0;1606;880561;7933661;8814222;883567;7931902;8815469;1606;1024;2048;16;9;4
0;1606;110917;8703305;8814222;113918;8701551;8815469;1606;1024;2048;64;9;4
0;1606;899142;7915080;8814222;902147;7913322;8815469;1606;1024;2048;32;9;4
0;1606;790289;8023933;8814222;793293;8022176;8815469;1606;1024;2048;8;9;4
1995;3583;7941869;876325;8818194;7944915;874526;8819441;1606;2048;2048;32;7;3
2033;3621;7912861;905409;8818270;7916026;903491;8819517;1606;2048;2048;16;7;3
2022;3610;7951937;866311;8818248;7954940;864555;8819495;1606;2048;2048;64;7;3
1698;3286;7799463;1018137;8817600;7802871;1015976;8818847;1606;2048;2048;8;7;3
0;1606;14833;8799389;8814222;17846;8797623;8815469;1606;1024;2048;4;9;4
1477;3065;7617972;1199186;8817158;7621145;1197260;8818405;1606;2048;2048;4;7;3
0;1606;1430467;7383755;8814222;1433475;7381994;8815469;1606;1024;2048;16;9;3
0;1606;729683;8084539;8814222;732685;8082784;8815469;1606;1024;2048;64;9;3
0;1606;1429052;7385170;8814222;1432055;7383414;8815469;1606;1024;2048;32;9;3
0;1606;1430698;7383524;8814222;1433706;7381763;8815469;1606;1024;2048;8;9;3
0;1606;1428580;7385642;8814222;1431583;7383886;8815469;1606;1024;2048;4;9;3
1796;3384;8177613;640183;8817796;8180723;638320;8819043;1606;2048;2048;32;7;2
1989;3577;7978656;839526;8818182;7981887;837542;8819429;1606;2048;2048;16;7;2
1688;3276;8246811;570769;8817580;8249851;568976;8818827;1606;2048;2048;64;7;2
1698;3286;7799464;1018136;8817600;7802871;1015976;8818847;1606;2048;2048;8;7;2
1477;3065;7617973;1199185;8817158;7621145;1197260;8818405;1606;2048;2048;4;7;2
0;1606;1433908;7380314;8814222;1436910;7378559;8815469;1606;1024;2048;16;9;2
0;1606;1484139;7330083;8814222;1487145;7328324;8815469;1606;1024;2048;64;9;2
0;1606;1466822;7347400;8814222;1469828;7345641;8815469;1606;1024;2048;32;9;2
0;1606;1430701;7383521;8814222;1433706;7381763;8815469;1606;1024;2048;8;9;2
0;1606;1428583;7385639;8814222;1431583;7383886;8815469;1606;1024;2048;4;9;2
0;0;8812616;0;8812616;8813863;0;8813863;1606;1024;2048;16;9;1
0;0;8812616;0;8812616;8813863;0;8813863;1606;1024;2048;64;9;1
0;0;8812616;0;8812616;8813863;0;8813863;1606;1024;2048;32;9;1
0;0;8812616;0;8812616;8813863;0;8813863;1606;1024;2048;8;9;1
0;0;8812616;0;8812616;8813863;0;8813863;1606;2048;2048;32;7;1
0;0;8812616;0;8812616;8813863;0;8813863;1606;2048;2048;16;7;1
0;0;8812616;0;8812616;8813863;0;8813863;1606;2048;2048;64;7;1
7111;8699;6990880;1837546;8828426;6994345;1835328;8829673;1606;1024;8192;16;4;6
0;0;8812616;0;8812616;8813863;0;8813863;1606;2048;2048;8;7;1
7431;9022;7160961;1668108;8829069;7164033;1666283;8830316;1606;1024;8192;64;4;6
7658;9263;7250070;1579467;8829537;7253307;1577477;8830784;1606;1024;8192;32;4;6
0;0;8812616;0;8812616;8813863;0;8813863;1606;1024;2048;4;9;1
7173;8771;6917255;1911305;8828560;6921579;1908228;8829807;1606;1024;8192;8;4;6
0;0;8812616;0;8812616;8813863;0;8813863;1606;2048;2048;4;7;1
2309;3897;7968379;850443;8818822;7971542;848527;8820069;1606;1024;8192;16;4;5
2832;4420;8106136;713732;8819868;8109123;711992;8821115;1606;1024;8192;64;4;5
3240;4828;8155328;665356;8820684;8158388;663543;8821931;1606;1024;8192;32;4;5
13418;15017;4678008;4163043;8841051;4683238;4159060;8842298;1606;1024;8192;4;4;6
2275;3863;7930272;888482;8818754;7933398;886603;8820001;1606;1024;8192;8;4;5
2240;3828;7989749;828935;8818684;7992917;827014;8819931;1606;1024;8192;16;4;4
2643;4231;8206300;613190;8819490;8209264;611473;8820737;1606;1024;8192;64;4;4
3119;4707;8191971;628471;8820442;8195023;626666;8821689;1606;1024;8192;32;4;4
8531;10129;5906006;2925270;8831276;5910631;2921892;8832523;1606;1024;8192;4;4;5
2204;3792;7947629;870983;8818612;7950784;869075;8819859;1606;1024;8192;8;4;4
1953;3541;8088879;729231;8818110;8091958;727399;8819357;1606;1024;8192;16;4;3
2501;4089;8343436;475770;8819206;8346470;473983;8820453;1606;1024;8192;64;4;3
3009;4597;8253072;567150;8820222;8256196;565273;8821469;1606;1024;8192;32;4;3
8531;10129;5906006;2925270;8831276;5910631;2921892;8832523;1606;1024;8192;4;4;4
1968;3556;8072453;745687;8818140;8075630;743757;8819387;1606;1024;8192;8;4;3
1747;3335;8273925;543773;8817698;8276980;541965;8818945;1606;1024;8192;16;4;2
1520;3108;8608142;209102;8817244;8611171;207320;8818491;1606;1024;8192;64;4;2
1611;3199;8529427;287999;8817426;8532477;286196;8818673;1606;1024;8192;32;4;2
1760;3349;7839892;977833;8817725;7843051;975921;8818972;1606;1024;8192;4;4;3
1968;3556;8072455;745685;8818140;8075630;743757;8819387;1606;1024;8192;8;4;2
0;0;8812616;0;8812616;8813863;0;8813863;1606;1024;8192;16;4;1
0;0;8812616;0;8812616;8813863;0;8813863;1606;1024;8192;64;4;1
0;0;8812616;0;8812616;8813863;0;8813863;1606;1024;8192;32;4;1
20475;22081;5415446;3439726;8855172;5419472;3436947;8856419;1606;2048;2048;32;8;6
17444;19044;4712312;4136792;8849104;4716716;4133635;8850351;1606;2048;2048;16;8;6
19953;21559;5216062;3638066;8854128;5219607;3635768;8855375;1606;2048;2048;64;8;6
1760;3349;7839894;977831;8817725;7843051;975921;8818972;1606;1024;8192;4;4;2
0;0;8812616;0;8812616;8813863;0;8813863;1606;1024;8192;8;4;1
7292;8892;3780728;5048072;8828800;3788037;5042010;8830047;1606;2048;2048;8;8;6
6779;8367;6926420;1901342;8827762;6929706;1899303;8829009;1606;1024;8192;16;5;6
6647;8238;7002285;1825216;8827501;7005389;1823359;8828748;1606;1024;8192;64;5;6
6399;8004;7018857;1808162;8827019;7022067;1806199;8828266;1606;1024;8192;32;5;6
0;1606;1919;8812303;8814222;4930;8810539;8815469;1606;2048;2048;4;8;6
0;0;8812616;0;8812616;8813863;0;8813863;1606;1024;8192;4;4;1
6992;8590;6883455;1944743;8828198;6887611;1941834;8829445;1606;1024;8192;8;5;6
1983;3571;7903630;914540;8818170;7906620;912797;8819417;1606;1024;8192;16;5;5
2077;3665;7941643;876715;8818358;7944655;874950;8819605;1606;1024;8192;64;5;5
2005;3593;7916515;901699;8818214;7919540;899921;8819461;1606;1024;8192;32;5;5
13418;15017;4678008;4163043;8841051;4683238;4159060;8842298;1606;1024;8192;4;5;6
2109;3697;7898872;919550;8818422;7901839;917830;8819669;1606;1024;8192;8;5;5
1926;3514;7922246;895810;8818056;7925253;894050;8819303;1606;1024;8192;16;5;4
2010;3598;8006574;811650;8818224;8009565;809906;8819471;1606;1024;8192;64;5;4
1936;3524;7946549;871527;8818076;7949560;869763;8819323;1606;1024;8192;32;5;4
8531;10129;5906006;2925270;8831276;5910631;2921892;8832523;1606;1024;8192;4;5;5
2052;3640;7915893;902415;8818308;7918887;900668;8819555;1606;1024;8192;8;5;4
